Title,ASIN
"Marvel Legends Doppelganger Spider-Man  BAF: Molten Man","B07Q7626JD"
"LCN 1461 SRT Door Closer 689 Aluminum Finish Full Cover No Screws","B00PM92A6G"
"Hasbro Trivial Pursuit Star Wars The Black Series Edition Board Game NEW SEALED","B01BOV68O0"
"Microsoft Surface Dock 2 Laptop Docking Station","B086Q92563"
"NEW Stratego Original Board Game New Sealed PlayMonster Strategy War Game 2016","B00LEOJAKM"
"Casio HR8TM Plus W Portable Printing Calculator Adapter Included Large Display","B000JEA5N4"
"LEGO Pirates: Soldiers Outpost (70410)","B00NHQHEYO"
"Lexmark 24B6186 Black Toner Cartridge M3150/xm3150","B00B3BLI1K"
"Scrabble Express Hand Held Electronic Game 1999 Milton Bradley Hasbro","B00004TJUM"
"Sony TCM-150 Clear Voice Cassette Voice Recorder TCM150 - *BRAND NEW* *SEALED*","B0098JSS9E"
"Lutron MS-B102-WH Maestro Dual Technology Sensor Switch - White - BRAND NEW","B00KCYD9PC"
"Hasbro Marvel Legends Series Infiniti Saga Star-Lord Helmet Cos Play","B0B3C5TF5Q"
"Resideo L7224U Universal Electronic Oil Aquastat Control Board L7224U1002","B00096ZQYA"
"(NEW!) Lot Of 4 Yealink SIP-T33G 4-Line Classic Business IP Phones","B09CQGLGNW"
"Hasbro Power Rangers Mighty Morphin Dragonzord Action Figure - NEW","B09TS3TQVD"
"Marvel Universe SPIDERMAN 3.75"" Figure Series 4 #014 White Future Foundation NEW","B007X8QQNM"
"STAR WARS The Force Unleashed 3 Pack Darth Vader w/ Incinerator Troopers figures","B0016MXWCE"
"Alien Covenant Neomorph Action Figure NECA NEW AUTHENTIC","B06XPX4D82"
"New Taco Cast Iron Boiler Feed Valve With with Dual Control 1/2"" NPT x 1/2 Union","B003QSNOGK"
"Mitel 6920W Corded IP Phone & Wi-Fi Equipped (50008385) Black","B07DD9BW2Z"
"New Sealed Lexmark Genuine OEM 82K1XC0 Extra High Yield Cyan Toner CX825 CX860","B01BLFROHO"
"Microsoft Surface USB4 Docking Station for Business Black EP2-19863 Model 2096","B0FB86P52M"
"Honeywell RCWL300A1006 Premium Portable Wireless Doorbell, Chime & Push Button","B001CMLAZ4"
"Dell DA200 USB-C to HDMI/VGA/Ethernet/USB 3.0 Adapter - Black NEW","B012DT6KW2"
"New Yealink Verizon One Talk IP Desk Phone T54W","B07ND62JJM"
"Emerson ST55U Sensi Wi-fi Smart Home Thermostat","B09LVVW53Y"
"Brother TN315Y High Yield Yellow Toner Cartridge Sealed BAG","B0043BCTFQ"
"Stephen Curry Starting Lineup Series 1 NBA Warriors 6"" Figure 2022 New Sealed","B0BP7KRZJL"
"Honeywell L4006A1967 Aquastat Controller - Gray","B004AFO4J4"
"Star Wars Forces of Destiny Rey of Jakku and BB-8 Adventure Set","B01MTDFMUD"
"NEW Brother TN-650 High Yield Toner Cartridge OEM - Black","B001W36YM2"
"Polycom VVX 411 Gigabit PoE 12-line IP Phone - Black (2200-48450-025M)","B01C6WRXUO"
"Vintage Pictionary The Game of Quick Draw Hasbro 1999 NIB Get Together Games","B0006J5UN2"
"DYMO 450 Twin Turbo LabelWriter Thermal Label Printer Open Box Inner Sealed","B0027J9KH6"
"P-Touch Brother PT-1280 Home & Office Electric Labeler Brand New Sealed","B000ALGKEO"
"Brand New FIRST ALERT Smoke & Fire Alarm 2 Pack Photoelectric P1210CP2","B01ASCLKR6"
"LCN 4050A. RW/PA 689 (aluminum) HD Door Closer. NIB","B0G5BLBDHP"
"NEW IR LCN Super Smoothee 4041 Rw/PA Commercial Aluminum Door Closer (SRT Screws","B006FH3QJ4"
"Mattel 2016 Electronic Basketball Handheld Game Sealed NIB","B00QVMQZH8"
"LCN 1461 SRT DKBRZ/695 Universal Medium Duty Commercial Door Closer NEW","B00HRMEK32"
"ASSA ABLOY/HES 1006 Electric Strike Body Only for Cylindrical or Mortise Lock","B0018ZDEUE"
"Marvel Legends Studios Civil War Captain America Crossbones new","B076JGYYBF"
"Honeywell HVC0001 Digital Tradeline Bath Fan Control 120 VAC 60 Hz 122 deg F New","B0058UH1IG"
"SEALED AT&T 1739 Digital Answering Machine System with Time/Day Stamp","B000VWJ210"
"DYMO LabelWriter Print Server, Direct Thermal Output, Wireless Network for Label","B001PKUUHM"
"Honeywell R7849A1023 Ultraviolet Flame Amplifier Module","B00AF46DPC"
"New in Open Box Presto Tater Twister Electric Curly Fry Cutter Model 02930","B000JHYBTU"
"Polycom 2200-48840-025 VVX 450 12-Line VoIP Business Phone Black No Power Cord","B07H16BSQ7"
"CHI Digital Ceramic Hair Straightener - Midnight Matte NEW","B0842ZKT9B"
"LEGO Dimensions 71247 Team Pack Harry Potter & Lord Voldemort 2016","B01GPB686M"
"Starrett 196B5 Dial Test Indicator, Vert, 0 To 0.200 NEW","B000VDRUE0"
"Radica Big Screen Solitaire Handheld Electronic Game 2004 New Sealed Working","B000AXMLCC"
"Hunter 99119 Ceiling Fan and Light Universal Remote Control","B00EUR2WV4"
"Hubbell  ATD2000C H-MOSS Ceiling Sensor Adaptive PIR Ultrasonic 2000 Sq Ft  New","B0018LAYAG"
"Radica Lighted Solitaire Handheld Electronic Game NEW Factory Sealed 2003","B00A1Q0NU0"
"**Qty 4** Lutron Vive PowPak Softswitch Relay Module RMJS-16R-DV-B 16A 120V 4pk","B07D94GB7M"
"HID 082601 Fargo Polyguard Overlaminate 1.0 MIL Whole 250 Images exp. 3-28 on","B06WWGZXBF"
"System Sensor RTS151KEY","B003AUHTGK"
"STARRETT Mechanical Outside Micrometer T436.1XFL-1 W/SLC, 0 in to 1 in, Inch","B003XU7HHS"
"Kenwood DRV-A610WDP 4K Front and 2K Rear Dash Cam System, WiFi Connection, 64gb.","B0D6BXJBFC"
"McFarlane Toys Spawn Gunslinger 7 Inch Action Figure 2021 Sealed","B08X8PC2XN"
"New Dymo CardScan Personal Portable Business Card Scanner","B004YC2WO2"
"Lexmark Genuine Black Ultra High Yield Toner Cartridge 58D1U0E","B07FN2M8M7"
"Mille Bornes Classic Auto Race Card Game 2003 Collector's Edition New Sealed","B00004SDAP"
"Lot of 4 Polycom SoundStation IP 7000 PoE VoIP Conference Phone (2200-40000-001)","B001GZ9E1O"
"Lutron Maestro MS-A102-WH Dual Technology Sensor Switch White","B00TNI5P46"
"LUX Smart Temp TX-500E 5-2 Programmable Thermostat Digital White Wall Mount","B001C0G8TE"
"LEGO Harry Potter Hogwarts Clock Tower 75948 Factory Sealed Retired","B07PX3T2FG"
"Bushnell BackTrack GPS Personal Locator 36-0050 NOS","B001F7BKZQ"
"New Starrett Digital Micrometer (T216XRL-1) 0-1""","B000KUBHQQ"
"Batman Beyond The Complete Series Blu-ray 2019 Deluxe Limited Edition Funko Pop","B07TLPBC7J"
"4 x Securitron EEB2 Emergency Exit Push Button, Green, Stainless Steel GET BONUS","B003CHMXUS"
"Elgato HD60 S+ Video Capture Card USB 3.0 4K60 HDR Pass-Through","B07XB6VNLJ"
"Star Wars Hyperdrive BB-8 Remote Control Robot - New In Box","B01MUHS74D"
"Microsoft Surface Dock PD9-00003 New Factory Sealed Surface Pro 3/4/book","B0163HP38W"
"NEW SEALED The Game Of Life Quarter Life Crisis Board Game with Crippling Debt","B07J2SBL9K"
"GoPro HERO4 Action Camera - Silver","B00NIYJF6U"
"VuPoint Magic Wand Portable Handheld Scanner Auto Feed Dock Plus Carry case","B00J2FB9EA"
"Lutron DVSTV-WH Diva 0-10V Preset Dimmer, White - LED","B00SA9BEJO"
"Genuine Lexmark 58D1U00 Black Ultra High Yield Toner 55K New Factory Sealed OEM","B07F7NXZ73"
"[MONOPOLY] Parker Brothers ELECTRONIC BANKING Edition Board Game 2011 NEW SEALED","B00SXOA6L8"
"Canasta Caliente Card Game Official Version 2001 Parker Brothers New Sealed","B000AMXPKA"
"New, Sealed Hasbro Transformers Combiner Wars Megatron Leader Class","B00ND603UU"
"New Sealed VuPoint Magic Wand Portable Handheld Scanner PDSDK-ST470-VP","B00I48M9PE"
"Poolguard PGRM-2 In-Ground Pool Alarm Battery Powered NSF ASTM F 2208","B0007P2CAE"
"NECA Godzilla King of the Monsters 1956 Deluxe Action Figure Window Box NIB NEW","B07QNZHMQ3"
"GI Joe 25th Anniversary Destro Enemy Weapons Supplier 3.75"" Figure Hasbro New","B0022V4AZG"
"Monopoly Railroad Toys R Us Collector's Edition Train Tin (2003) SEALED","B00009QMRC"
"Alien Nation-Ultimate Movie Collection (DVD)","B000WLU5ZM"
"The Beach Boys Good Vibrations Thirty Years 5 CD Box Set 1993 NEW Sealed","B000002UR4"
"Genuine Dell Yellow Toner Cartridge C3760n C3760dn C3765dnf 3000 Pages Sealed","B008R5RZOY"
"Skylanders Trap Team Kaos Trap Activision NEW IN BOX SEALED","B00NTDL4FU"
"VON DUPRIN MODEL 4211 US32D    NEW OPEN BOX","B011UF4YV4"
"Honeywell RA832A 1066 24V  Switching Relay","B004AFQE42"
"Poly - Voyager 4320 UC Wireless Headset + Charge Stand (Plantronics) Headphone","B09BBSWV89"
"Jonny Quest: the Complete First Season (DVD, 4-Disc Set) - Brand New (SEE PICS)","B0001MZ7J6"
"Photo Scanner Pandigital Photo Link One Touch PANSCN02","B002B3YDDE"
"System Sensor SRL Wall Strobe Fire Alarm, Red, 2-Wire Indoor Clear Lens","B0741NC5RK"
"Yahtzee Texas Hold'em Classic Dice Poker Game  Parker Brothers New Sealed","B0006843F4"
"A Single Leviton 1-Gang 1-Button Low Voltage Pushbutton Station White LVS-1W","B003I86HG2"
"Yahtzee Free For All Board Game Parker Brothers 2008 NEW Factory Sealed Dice","B0017RSYDU"
"Brother TN-720 3000 Page Output Toner Cartridge - Black","B0084JMC9G"
"Star Wars Disney ELECTRONIC MANDALORIAN DARKSABER Lights and Sounds","B083XHN1B9"
"Sony M-570V Microcassette Voice Recorder, Handheld 2-Speed, Clear Voice Plus","B0007Y6AJO"
"2016 Transformers The Last Knight Leader Class DRAGONSTORM Premier MOC","B01LZWVYD6"
"MARVEL LEGENDS 2 FIGURE PACK MARVEL'S WAR MACHINE & IRON MAN MARK 27 NIB","B01E5AEK1U"
"Alarm.com ADC-V724X 1080p Outdoor Wi-Fi Camera Two-Way Audio HDR White","B0BVCWFSY1"
"System Sensor PC2WL Ceiling Horn Strobe White Fire Alarm PC2WL MPN Fire Alarm","B07B1PJS7H"
"GI Joe Classic Collection Medal of Honor Mitchell Paige G.I. Action Figure New","B00199H6KS"
"Okidata Type C16 Toner Ctg 44318603, Cyan for Oki C711dn","B003K1L61I"
"Yealink T41S Ultra-elegant IP Desk Phone SIP-T41S New Open Box","B01MUA0IMJ"
"Starrett 440Z-6L 0-6"" Range 2-1/2"" L 6 Rods Plain Thimble Depth Micrometer","B000VDVT3I"
"Masterpiece Classic Art Auction Game 1996 Edition","B01N2P305R"
"Voltron Classic Legendary Defender YELLOW Lion Combiner Figure","B01LY46F1T"
"Microsoft Surface Dock 2 Laptop Docking Station","B08DG5RYXB"
"2019 Jazwares Fortnite Legendary Series PEELY Action Figure New NIB","B07Y91RKKQ"
"Yealink W60P (W56H& W60B) Wireless DECT IP VoIP Phone, New","B076WVZY2P"
"Honeywell W7220A1000 24V Economizer Control","B008HQ69E0"
"Lexmark 78C1UKE Black High Yield Toner Cartridge For Models CS521 CS622 CX622","B07GX5WPG7"
"MCFARLANE Fallout Figure Set - Amazon Exclusive (Limited To 3,600) - UNOPENED","B0CQ8SSCRJ"
"Star Wars F2729 Action Figure","B08VNH8F94"
"Yealink SIP-T21P E2  IP Phone","B00WRJ5I6I"
"Klein Tools 63607 Ratchet Cable Cutter -Box of 6","B0063CP6PS"
"Transformers Masterpiece KO MP-18 Bluestreak Streak Nissan G1 New Sealed","B00BQRKX76"
"Marvel Universe Comic Packs Silver Centurion vs. Mandarin Figures +  Comic NEW","B007OOJF4M"
"Vintage Sealed 1987 Pictionary Card Game Quick Draw Second Edition NEW SEALED","B0089J3E7K"
"Lutron Diva DV-10P-LA 1000W Single Pole Preset Dimmer Switch Light Almond","B000MOIAH4"
"1996 GI Joe Classic Collection Tuskegee Airmen Figure Bomber Pilot NFRB","B000EXFSLO"
"Starrett 657AA Magnetic Base Indicator Holder, Magnetic Base, Indicator Holder","B00008IHTG"
"ASSA ABLOY 1006-F-12/24D-630 Electric Strike Body Only FP:J-630 Faceplate Option","B007NLF3NI"
"Dell D3100 USB 3.0 Ultra HD 4K Docking Station Open Box Complete","B00O0M46KO"
"Yealink IP DECT Phone bundle W73P & W70 base New in Original Box Complete","B09RHK58BW"
"Bandai Pac-Man (Connect & Play) 12 Classic Games Galaga Dig Dug Galaxian In Box","B0104G9K4Q"
"Hasbro Monopoly Empire Board Game New Sealed 🔥❤️🔥 Rare Find","B00NAR2F44"
"Lutron MRF2-8S-DV-WH Maestro Wireless 8A 120/277V Digital Wall Switch - White","B003Z9NKCS"
"Starrett 711GCSZ Last Word Shaded Machinists Dial Test Indicator - ⭐NEW⭐","B0006J4PKG"
"Sony ICD-PX440 Mini Pocket Digital Voice Memo Recorder MP3 USB Slot - TESTED Fs","B00JVLPFNG"
"HES 8500 Series 8500 12/24 VDC Electric Strike Body - Open Box","B00CL0990O"
"HES Complete Electric Door Strike 5200C-12D/24D-630 NEW! Sealed","B00E4H0GIG"
"GoPro HERO Action Camcorder 1080p30 FPS - HWBL1 CHDHA-301 - Brand New Sealed","B00NIYNUXO"
"Leviton OSP 20 -DO Occupancy Sensor Power Pack Brand New","B002H0YSRC"
"Genuine OEM Brother DR-420 Drum Unit New in Sealed Box","B003YFHBE6"
"Monopoly AMC The Walking Dead Board Game 2017 USAopoly New & Sealed","B06XFC7C5D"
"Yealink MP56 MS Teams Edition IP Smart Business Phone 801193D041205720","B08H3J2YZ7"
"Assa Abloy HES 5200C Electric Door Latch Strike Complete Pac (5200C-12D/24D-630)","B081K6V2MV"
"Hasbro X-Men Archangel Action Figure Blue Red w/ Alternate Head","B07G2S3M1Y"
"New Genuine Dell RPFY9 Imaging Drum for 7130cdn Series - Factory Sealed Box","B00594CLMC"
"#5688 Texas Instruments TI-84 Plus Graphing Calculator New Black.        *NEW*","B00AWRQKDC"
"NEW LCN 4040XP Heavy Duty Aluminum Door Closer","B00BYFBAHC"
"Merlin: The Original Electronic Wizard Game Vintage 2003 MB Hasbro - Brand New","B001MXR476"
"Kenwood KAC-M5024BT Compact 4-chpowersports/marine amp w/BT — 50 watts RMS x 4","B08Y2HT2PM"
"Brother DR-620 Genuine Drum Unit OEM *NEW SEALED","B001XM9AAA"
"HES 5300C","B0C7D9YKDJ"
"OKI Data 44574901 Black Genuine Toner Cartridge for B431d","B003P2F15Y"
"GI Joe Cobra Officer The Enemy 25th Anniversary 2007 Hasbro Action Figure","B000WOZOQO"
"2007 G. I. Joe 25th Anniversary Cobra Dreadnok Buzzer 3.75"" - New!","B000WD51BS"
"Brother P-Touch PT-1290 Electronic Home Office Labeling Maker New Sealed","B002KT1ZX0"
"Marvel Legends Series Carnage Action Figure","B076KPCX4R"
"System Sensor PC2RK Horn Strobe - Red","B00CM8BWHS"
"Marvel Legends Series She-Hulk 6"" Figure Hasbro Brand New Sealed NIB 2021","B08SJ6K3NP"
"Leviton Osc-20m0w Ceiling Mount Occupancy Sensor","B002NU6M5M"
"Pandigital PANSCN06R Personal Photo Scanner/Converter NEW W/SD Card Included","B0035WTCU4"
"USAopoly Monopoly The Walking Dead Board Game - APR132229","1605843598"
"Brand New Poly Voyager Focus 2 Stereo USB-C Headset Noise Cancellation 9T9J5AA","B0D5BFCL2B"
"Brother DR520 Drum Unit","B000BQ818G"
"DYMO LabelWriter 450 Turbo Thermal Label Printer (1752265) Box & Power, Complete","B0027JIIKQ"
"Case of 10 Yealink SIP-T42S Corded IP Phone Black","B01N5OP1KK"
"Lexmark 76C0PV0 Color Photoconductor Unit CS/CX 920 XC9200 NEW Free Shipping","B074V3CZ3W"
"OEM New Lexmark 76C0HY0 Yellow Toner Cartridge","B074V35DMX"
"New Resideo S8910U Universal Hot Surface Ignition Control Board Module","B013JU93YG"
"UNOPENED - Arcade Atari Game Station Pro Video Game Console with 200+ Games","B0CK3JS1L4"
"Lutron LRF2-OCRB-P-WH Ceiling PIR Occupancy Sensor, White, Battery 3V","B002SYEIU4"
"Lexmark Cyan ultra high Ink cartridge (78C1UCO)","B07G5KZN76"
"Poly Edge E100 IP Phone  82M86AA – 2.8"" Color Display with Microban, NoiseBlock","B0CY8KC9TL"
"GI JOE Action Sailor WWII 50TH Anniversary Edition 12"" New In Box","B003KAKH1O"
"Lexmark Unison Black Ultra High Yield Toner Cartridge (78C1UK0)","B07G7DR334"
"STARRETT #169B1 DIAL TEST INDICATOR .001"" BACK PLUNGER W/BOX (TL2236)","B0006J4DIK"
"Monopoly The Disney Edition  Game Still Sealed","B00005JG32"
"Godzilla Vs. The Smog Monster Godzilla Vs. Hedorah Blu-Ray New","B00I462XNO"
"The Tarzan Collection: Volume 2 DVD Set Starring Johnny Weissmuller, 2006 SEALED","B000HEWEG2"
"Mississippi Masala (DVD, Sealed) Denzel Washington, Region 1","B0088MIGB2"
"Vintage Sony SRF-59 AM/FM Walkman Radio Silver Headphones Belt Clip New Sealed","B00006JQ06"
"HES 8300C-12/24D-630 Electric Door Strike Stainless Steel W/Faceplate New!!!","B0B558BTQ5"
"Conair Instant Hot Lather Machine Shaving Cream Warmer New Open Box Vintage 1999","B000050B6Z"
"1995 Hasbro GI Joe Action Pilot 12"" WWII 50th Ann. Figure #001605 Limited Ed","B000JV3UYS"
"Great American Steakhouse Onion Maker Blooming Onion Machine Open Box","B0007UX88O"
"ESXF2 Bronze Outdoor Integrated LED Flood Light with Switchable Lumens and CCT","B0B4ZS5LNH"
"Genuine Brother TN-430 Black Toner Cartridge DCP HL MFC IntelliFax OEM | New","B00004SDB5"
"McFarlane THE WALKING DEAD Series 5 DARYL DIXON WITH CHOPPER  Deluxe Box Set NEW","B00FBR8130"
"Edwards SIGA-CR Control Relay Module NEW","B01BL4PZ4E"
"Where In The USA Is Carmen Sandiego? Vintage 1993 Board Game - FACTORY SEALED!","B00004YO0H"
"Brand New Unopened Honeywell T6 Pro Smart Programmable Thermostat (TH6320WF2003)","B01MUKUMEX"
"Valve Steam Link New in Box","B016XBGWAQ"
"NEW ARE YOU SMARTER THAN A 5TH GRADER BOARD GAME SEALED PARKER BROTHERS","B000R6V9KM"
"The Big Bang Theory Monopoly Board Game, USAopoly, New Factory Sealed, 2014","B00JSN1EZ0"
"Dell WL3024 Wireless Headset RDH0C **New Sealed Box** Teams/Zoom Certified","B0CVYLGKJL"
"Poly - Sync 40-M Smart Speakerphone (Plantronics) - Brand New","B08XBM6W9G"
"USRobotics USR5637 56K USB Hardware Fax Modem V.92 Original Packaging Never used","B0013FDLM0"
"Honeywell Home T9 Smart Thermostat RCHT9510WFW Wi-Fi App Touch Alexa HomeKit","B07N83WK9T"
"Lexmark 56F1U0E Black High Yield Toner","B07CS1J1QD"
"BRAND NEW SEALED Lexmark 66S1X00 Black Ink Printer Hi Yield Toner Cartridge OEM","B0C2C4XL5T"
"Honeywell ST9120U1011 Universal Electronic Fan Timer","B003D7APKC"
"LEGO Ideas Birds 21301 Building Set 580 Pieces Complete Set Sealed in Box","B00PE12ZJO"
"Hunter ICM 800 Controller Module","B00067WYJW"
"Hasbro Star Wars Black Series Obi-Wan Kenobi Commander Appo 6"" Figure New Sealed","B0BYTFTKMJ"
"Lexmark 55B1X00 Laser Toner Cartridge - Black","B08D3ZCVRF"
"Lutron RMJS-PNE-DV Vive PowPak Phase Select Dimming Module","B0CC9GHLHQ"
"Lexmark 72K10Y0 Yellow Toner Cartridge Genuine New Sealed Box","B01BLFR2HG"
"Lexmark 84C0HKG Unison 25,000 Page-Yield High-Yield Toner - Black New","B01G8PMNMI"
"Lot Of 3 Listen Technologies LR-4200-072 Intelligent 72mhz DSP RF Receiver Pkg","B07N6QKQMT"
"LEGO DOTS: Desk Organizer (41907) Complete Set, 405 Pieces NEW SEALED","B085K8WKML"
"EEB3N Mullion Narrow Style Push to Exit Button w/ Timer - Green/Red - Securitron","B001ULNQD6"
"Honeywell T6 Pro Digital Programmable Thermostat - TH6220U2000/U","B01M6A1GR5"
"Lexmark 70C1HMO Extra High Yield Return Program Toner Cartridge - Magenta","B00PWW5QDC"
"Hasbro Gaming Monopoly Empire Game","B013FA2WPM"
"Brother DS-720D Mobile Color Page Scanner, White (DS720D)","B00EKW8UEM"
"Glacier Bay Aragon 2-Handle 1-Spray Tub and Shower Faucet in Chrome (Valve Included) HD833X-0001","B07DPTB1J4"
"Gi Joe 12 Inch Navajo Indian Navaho Code Talker Figure: Says 7 Different Phrases! In Najavo Code and English!","B00001Z3HW"
"	 Glacier Bay Builders 1-Handle 1-Spray Pressure Balance Shower Faucet in Brushed Nickel","B01NCV8LVJ"
"Rodney Dangerfield - The Ultimate No Respect Collection","B0006A9IU2"
"Brother Printer TN336Y Toner Cartridge Yellow","B00IL7BV70"
"Honeywell 5800PIR Wireless Motion Detector","B0045W0I5Q"
"Sony ICD PX333 Digital Voice Recorder","B00BOXNSRY"
"Bass Fishin': Radica Handheld Game","B000YQNYG2"
"Hubbell HBL460P7W Pin and Sleeve IEC Plug, 3 Pole, 4 Wire, 60 amp, 3 Phase, 480V, Watertight, Red","B000LDBR0S"
"Poly CCX 500 Media PhoneTeams POE (2200-49720-019)","B083LYB884"
"Codenames Family Edition | Best Family Board Game for All Ages | Featuring Disney Characters and Artwork | 2+ Player Board Game | Perfect for Disney Fans","B06Y3NLK6Q"
"STAR WARS Force Link Kylo Ren's Tie Silencer & Kylo REN (Tie Pilot) Figura","B01MTG6IPH"
"Panasonic KX-FA92 Plain Paper Film","B00009960L"
"Andersen Estate Newbury Gliding Patio Door Hardware Satin Nickel Finish","B00A6BVS86"
"	 Transformers Studio Series 86-15 Leader Class The The Movie 1986 Dinobot Sludge Action Figure, Ages 8 and Up, 8.5-inch","B09H1HJR9H"
"	 Basic Fun Classic, Retro Handheld Football Electronic Game, One Size Fits All","B013CNKVD2"
"LUXUL Dual-Band Wireless AC3100 Router","B07D7MCBHY"
"Transformers - Maximal Cheetor - War for Cybertron Trilogy","B091GS7BZC"
"Dell 769T5 2150 2155 Toner Cartridge (Cyan) in Retail Packaging","B00452IWZO"
"Robin Williams: Comic Genius Deluxe Set","B07JZQCGS1"
"The Universe: Collector's Edition Megaset","B001IB2Z9Y"
"Transformers Toys Legacy Evolution Core Class Dinobot Snarl Toy, 3.5-inch, Action Figure for Boys and Girls Ages 8 and Up","B0BDJ3DVYC"
"Brother QL-700 High-speed, Professional Label Monochrome Printer","B005TJMC0S"
"Risk: Star Wars Edition Game","B00SDJG59K"
"NECA - Aliens - 7"" Scale Action Figure - Series 13 Scorpion","B07KQ7G8HM"
"	 Walk Hard: The Dewey Cox Story (Unrated)","B0012IWRDC"
"Star Wars General Grievous 4 Armed Episode 3 Figure","B004PVKZ1E"
"Learning to Drive","B016BSPTZA"
"Honeywell Home 5-2 Day Programmable Thermostat/Not for Baseboard/Line Volt Heating Systems, Forced Air only","B007BHLUWM"
"Monopoly: Dr. Who Edition 50th Anniversary Collector's Edition","B0087RV2KK"
"Black & Decker SZ360 3.6-Volt NiCad Cordless Power Scissors","B000BAURWU"
"Hasbro Games Scrabble Twist","B00THAGEJA"
"Sony WM-FX281 Cassette Walkman with Digital Tuner","B00005NNDF"
"HES Smart-Pac III in-Line Power Controller for Electric Strikes, 12 to 32 Volts AC or DC Input Voltage","B00CL09I5K"
"Salsa Dancing Lessons, Beginners Salsa 3 Pack DVD SET: Salsa Dance Lessons (3 DVDs)","B000EU1H6M"
"Waring Pro PC100 Wine Chiller, Black","B000I14CA0"
"Casio Inc. HR-100TM Business Calculator","B000I3C4EY"
"	 BrassCraft SLD1150 Mixet MS-EXT Single Handle Tub and Shower 6-1/4-Inch Extended Stem, Chrome","B000NID7RW"
"Parker Brothers Risk 1998 Board Game with Army Shaped Pieces","B00287RAD8"
"System Sensor SR SpectrAlert Wall-Mt Selectable Strobe 12/24V, Red","B001UKNLBO"
"Marvel Legends Series 6-inch Marvel's Scream","B076KPYYS8"
"Best of Warner Bros. 50 Film Collection (BD) [Blu-ray]","B009L0LEDW"
"Kensington SD4780P Displaylink USB-C Docking Station for Windows, MacBooks ane Surface - Dual 4K Video, 100W PD (K33620NA)","B08H4QR5QK"
"1998 Kobe Bryant Starting lineup figure New unopened","B0022UZT1Q"
"Bogen PCMSYS3 Pre-Assembled Paging System","B004KO12F4"
"	 Targus USB-C Universal DV4K Docking Station with 100W Power (DOCK190USZ)","B07BPQKP8V"
"Leviton MT WB OCC, 120-277VAC, NO NEUTRAL, OSSMT-GDW, White","B002NU6MDE"
"Star Wars Slave Leia 6"" Action Figure","B00CFELUZS"
"Star Wars Micro Galaxy Squadron Series 3 General Grievous's Starfighter Rare 1 of 15000","B0DMBNTJ7D"
"Hunter Sprinkler ICM600 I-Core 6-Station Plug-in Expansion Module","B00FYR31BY"
"TARGUS USB Type-C Dual HDMI Travel Dock","B0CBN9WZ1L"
"Marvel Classic- Pack of 2 X-Men 15 cm Figures, Multicolour (Hasbro E86135L0), Assorted Color/Model","B07VYTZYRT"
"Kohler K-P304-KS-NA Pressure-Balancing valve with Screwdriver Stops - Project Pack"," B001DNP4S6"
"The Global Puzzle (600 Piece)","B00BU0Z47I"
"Mezco Breaking Bad, Walter White, Action Figure, 15.24 cm","B00B89LZ4C"
"Chamberlain MyQ Wi-Fi Smart Garage Door Hub - Model Number MYQ-G0302 - Model Number MYQ-G0301","B08YJ5SK3G"
"Logitech 2.4 GHz Cordless Presenter (Black)","B0007KVK8E"
"Transformers Autobot Tailgate Action Figure","B075F86PXH"
"Lutron LUT-LBX-WH Synthetic Min Load Forward Reverse Phase Dimmer Module 120V White","B00BWQ50BK"
"Honeywell TH6320ZW2003 T6 Pro Series Z-Wave Stat Thermostat &, Smart Home","B07HFL7R44"
"Dell W8D60 Toner Cartridge C3760N/C3760DN/C3765DNF Color Laser Printer, Black, 1 Size","B008R5QU5Y"
"Transformers Hasbro Generations Tonka Mash-Up Tonkanator","B09H1GYD4L"
"Star Wars Micro Galaxy Squadron Imperial Shuttle - 7-Inch Starship Class Vehicle with Three 1-Inch Micro Figure Accessories","B0B2BCBMNF"
"Sony ICF38 Portable AM/FM Radio (Black)","B0016OEV7C"
"ITT Bell & Gossett 117416LF 1"" CB-1 LF Circuit Setter","B00QW2JZR4"
"Transformers Legacy A Hero is Born Alpha Trion & Orion Pax Action Figure 2-Pack","B005OPAYL6"
"Marvel Thor Legends Series 6-inch Thor","B06XWKDNZC"
"Supercar - The Complete Series","B00008PHCX"
"SPW Hunter ICM-2200 22-Zone Expansion Module for ICC ICC2 HCC Timers","B07MMWZ19C"
"Eaton EMPDT1H1C2 Environmental Monitoring Probe","B07GTV2ZGZ"
"Star Wars: The Clone Wars: Season 1","B002L3RVCY"
"Hubbell Wiring Systems WS1000W Lighting Controls, VAC Ancy/Occupancy Sensors, Wall Switch, Passive Infrared Technology, Single Circuit, 120VAC, 500W,","B00VX5NDQE"
"Transformers Toys Generations War for Cybertron Deluxe Wfc-S43 Autobot Mirage Figure - Siege Chapter - Adults & Kids Ages 8 & Up, 5","B07JCG8KSR"
"G.I. Joe 25th Anniversary: Lady Jaye (Covert Operations) 3-3/4 Inch Action Figure","B000WD53NY"
"	 Transformers Studio Series 86-12 Leader Class The The Movie 1986 Coronation Starscream Action Figure, Ages 8 and Up, 8.5-inch","B09CDVSYSM"
"Samsung Gear 360 Real 360° High Resolution VR Camera (US Version with Warranty)","B01D9LVL3G"
"Von Duprin 6211 FSE 24VDC US32D Heavy-Duty Electric Strike for Cylindrical Lock, 24VDC, Stainless Steel Finish","B00MRXVGX8"
"	 STAR WARS The Black Series 6-Inch Stormtrooper 4-Pack [Amazon Exclusive]","B011EG5DG4"
"STAR WARS Kylo Ren Elite Series Die Cast Action Figure - 7 1/2 Inch The Force Awakens","B014X0NVOO"
"Logitech Mounting Bracket for Video Conferencing System, Computer, Mini PC","B097C5ZG1B"
"	 Marvel Legends Daredevil 6"" Action Figure","B015WZDM34"
"DJI Mini 2 SE, Lightweight Mini Drone with QHD Video, 10km Max Video Transmission, 31-Min Flight Time, Under 249 g, Auto Return to Home, 3-Axis Gimbal","B0BQ2T2TH9"
"Dell XKGFP Toner Cartridge C3760N/C3760DN/C3765DNF Color Laser Printer","B008RIHOOW"
"Lutron DV-603P-IV 600-watt 3-Way Dimmer, Ivory","B000MOIALA"
"Lutron MA-LFQHW-WH Maestro Fan Control and Dimmer Kit, White","B000MOIDA8"
"OKI Okidata C711Dn","B003K1SUF8"
"NECA - Aliens - 7"" Scale Action Figure - Series 13 Snake","B07KQ7MY58"
"	 Kidde 21007624 AC Photoelectric Smoke and Carbon Monoxide Detector Alarm | Hardwired with Battery Backup | Model # KN-COPE-IC","B00ECX0VVY"
"	 Star Trek The Animated Series - The Animated Adventures of Gene Roddenberry's Star Trek","B000HEWEJ4"
"Godzilla King of The Monsters: 6"" Rodan Articulated Action Figure with Osprey Helicopter & Destructible City","B07QWMWNNF"
"Better Call Saul: Seasons 1-5 Collection","B08K4NVD4N"
"NeatReceipts Mobile Scanner and Digital Filing System - PC","B001CQFRPO"
"Star Wars Revenge of the Sith Anakin Skywalker Slashing Attack #28 Action Figure","B001RE1GL0"
"Honeywell - TH4110U2005/U - T4 Pro Thermostat, Programmable or Non-Programmable, 1H/1C","B0C8BPKSZ6"
"K'NEX KISS Buildable Figures - Series 1","B0096TJYEE"
"Marvel Legends Series 6-inch Deadpool","B072QXB569"
"Moen Moen Smart Sump Pump Monitor, Wi-Fi Connectable Water Alarm Sensor for Basement Sump Pump, S2000ESUSA","B09QFJHY79"
"Oh! Heavenly Dog [DVD]","B0009NZ2X8"
"Taco 555-050RP Zone Valve Power Head Replacement Part","B0009XE3RY"
"Mitel MiVoice 6930 IP Phone (50006769)","B0779HGGB4"
"Mattel WWE Kofi Kingston Figure","B07YT7JWPG"
"Brother DR510 20000 Page Unit - Retail Packaging,Black","B0001GU7MY"
"Honeywell R8184G4009 International Oil Burner Control","B0006UPOAK"
"Marvel Polaris Action Figure","B01M0M9DXR"
"Star Wars Han Solo Card Game","B072VXWP2C"
"Poly Voyager Focus 2 Headset","B0D4DY49GT"
"Equate: The Equation Thinking Game","B00004U1RA"
"Stratego - The Classic Game of Battlefield Strategy 1986 Edition","B0028LEM26"
"	 Vincent Price: MGM Scream Legends Collection (The Abominable Dr. Phibes / Tales of Terror / Theater of Blood / Madhouse / Witchfinder General / Dr. Ph","B000SK5ZFM"
"	 ScreenBeam 750 Wireless Display Receiver, TV Mirroring and Casting Device for Windows and Android","B01LI5GZKO"
"Kensington SD5600T 14-in-1 Thunderbolt 3 Dock USB-C - Compatible with Thunderbolt 4, Mac and Windows, 96W Charging, Dual 4K@60Hz, 40Gbps Transfer Spee","B08H4WHQ2N"
"Lutron SCR-15-GFST-SW Claro Satin Colors 15-Amp Self-Testing Receptacle, Snow","B01BLJ4YB4"
"Avery Postcards for Inkjet Printers, 5.5 x 4.25 Inches, White, Box of 400 (8577)","B00139YKH6"
"Dell P614N Cyan Toner Cartridge 5130cdn Color Laser Printer","B0038MPAF2"
"VuPoint Solutions Magic Wand Portable Scanner (PDS ST415 WM)","B004EFXW6Q"
"LEGO Super Heroes Spider-Cycle Chase 76005","B00A850VEM"
"Lexmark Unison Toner Cartridge - Black, high Yield","B07HYN2N7Z"
"Speakman Sentinel Mark II CPV-PB Pressure Balanced Shower Valve, Rough Brass","B07L4J1ZP7"
"SWL White Fire Strobe Wired","B07B1QCWZ6"
"Power Rangers Saban’s Lighting Collection Goldar","B07SXDF5YV"
"Wattstopper BZ-150 Occupancy Sensor Power Pack","B00QW24KTW"
"Brother P-Touch PT-1750 Electronic Labeling System","B00005K4PO"
"	DC Direct Batman (Batman Beyond) Gold Label 15 cm Action Figure","B0DC9KSGKN"
"	 TARGET G.I. Joe Classified Series: Baroness with Cobra C.O.I.L., Exclusive Special Missions: Cobra Island #13","B08H17YGYG"
"Avengers Figura de Acción Black Knight, 6 Pulgadas","B077B2DMKS"
"Lexmark Cyan Return Program Toner Cartridge for US Government, 7000 Yield (74C0SCG)","B01IRRF0AW"
"MonsterVerse 7"" Battle Roar Godzilla, Multicolor","B08YM9ZWQW"
"	 Sony MDR-W08L Negro Audífono - Audífonos (20 - 22000 Hz, 104 Db, 16 Ohmio, 1.35 cm, Neodimio, Alámbrico)","B00005N6KG"
"Star Wars Collector Series 12"" Luke Skywalker in X-wing Gear Doll Figure By Kenner","B000A6THB2"
"Star Wars Black Series Obi-Wan Kenobi Darth Vader Duels End F8328","B0BYTBWPTQ"
"OkiData 44574701 Toner Cartridge for B411/B431 Series Printers, 4000 Page Yield, Black","B003TG6T1Q"
"	 All Pro Emergency APC7R Combo Unit LED-Exit Sign with Dual Lights, Red Letters","B008KNQ2Q0"
"Honeywell TH8110R1008 Vision Pro 8000 Touch Screen Single Stage Thermostat with Red Link Technology","B00DGSISU2"
"Sony Pressman Micro-Cassette Recorder M-527v","B0043GCWQM"
"Walt Disney Treasures: The Chronological Donald, Volume 3 [DVD]","B000VE4UC4"
"	 Hunter Universal Fan Light Remote Control Replacement - Ceiling Fan Remote Control Kit with Wall Mount & Receiver, Manages Speed & Light, Supports Dim","B09JBCGK41"
"Transformers Studio Series 18 Deluxe Bumblebee - Action Figures, Multicolor","B075LNDNC2"
"	 Marvel Legends X-Men Cyclops and Dark Phoenix Exclusive Action Figures, 6 Inches","B072TQJ3MC"
"	 Joey - The Complete First Season","B000ERVK5S"
"	 Brother Genuine Black Toner Cartridge, TN350, Replacement Black Toner, Page Yield Up To 2,500 Pages","B0007KI6OU"
"NECA - The Terminator - 7"" Action Figure ? T-800 Endoskeleton","B013SYTDT8"
"LEGO DUPLO My First Bus 10851 Building Kit","B01KMUUR9G"
"	 Racko Card Game - 50th Anniversary","B00000IWBY"
"	 Family: The Complete First and Second Seasons","B000GFRI68"
"	 Orbit Arizona Mist 92100 Booster Pump","B00280NBEC"
"	 Hasbro Marvel Black Widow Legends Series 6-inch Collectible Winter Soldier Action Figure Toy, Premium Design, 2 Accessories, Ages 4 and Up","B07ZQYRCY4"
"	 Spite and Malice Card Game","B0006HCXPM"
"	 GoPro HERO Session Waterproof Digital Action Camera","B01C80O0ZU"
"Transformers Toys Generations War for Cybertron: Earthrise Voyager WFC-E9 Starscream Action Figure - Kids Ages 8 and Up, 7-inch","B07YNH57K9"
"	 USAopoly - Star Trek monopoly The Next Generation Collector's EditionANGL","B00001P4ZN"
"	 Yealink Wireless Headset Adapter (EHS36)","B00DW246LC"
"	 G.I. Joe 25th Anniversary: Hooded Cobra Commander (Cobra Leader) 3.75 Inch Action Figure","B000T8912Q"
"Hubble Connected Nursery Pal Cloud Smart Connected, Wi-Fi Enabled Baby Monitor with 5-Inch HD Color Parent Unit Viewer, Soothing Sounds and White Noise, 7-Color Night Light, Wall Mount, White","B09N2WG6J8"
"Guesstures - The Game of Split-Second Charades First Edition","B0024NULYQ"
"Lux Products TX9000 Smart Temp Programmable 7 Day Thermostat","B00099FN36"
"Star Wars The Vintage Collection Shoretrooper 4-Pack, Action Figure Set by Habro","B0B67JXSN9"
"Transformers Studio Series 29 Deluxe Class Dark of The Moon Sideswipe Action Figure","B07DJZHR8Q"
"Transformers ToGenerations War for Cybertron: Kingdom Leader WFC-K20 Ultra Magnus Action Figure - Kids Ages 8 and Up, 7.5-inch","B08MVWNB22"