Product,Brand,Category,
https://www.amazon.com/dp/B00NTDL4FU,ACTIVISION,Video Games,Ungated
https://www.amazon.com/dp/B00A6BVS86,Andersen,Tools & Home Improvement,Ungated
https://www.amazon.com/dp/B000VWJ210,AT&T,Office Products,Gated
https://www.amazon.com/dp/B08X8PC2XN,BANDAI,Toys & Games,Ungated
https://www.amazon.com/dp/B00QVMQZH8,Basic Fun,Toys & Games,Gated
https://www.amazon.com/dp/B00QW2JZR4,Bell & Gossett,Tools & Home Improvement,Gated
https://www.amazon.com/dp/B016BSPTZA,Ben Kingsley,Movies & TV,Gated
https://www.amazon.com/dp/B000BAURWU,BLACK+DECKER,Tools & Home Improvement,Gated
https://www.amazon.com/dp/B004KO12F4,Bogen,Office Products,Gated
https://www.amazon.com/dp/B000NID7RW,BrassCraft Mfg,Tools & Home Improvement,Ungated
https://www.amazon.com/dp/B0043BCTFQ,Brother,Office Products,Gated
https://www.amazon.com/dp/B001F7BKZQ,Bushnell,Electronics,Gated
https://www.amazon.com/dp/B000JEA5N4,Casio,Office Products,Gated
https://www.amazon.com/dp/B0842ZKT9B,CHI,Beauty & Personal Care,Gated
https://www.amazon.com/dp/B00008PHCX,David Graham,Movies & TV,Gated
https://www.amazon.com/dp/B012DT6KW2,Dell,Electronics,Gated
https://www.amazon.com/dp/B008R5RZOY,Dell,Office Products,Gated
https://www.amazon.com/dp/B0BQ2T2TH9,DJI,Toys & Games,Ungated
https://www.amazon.com/dp/B001PKUUHM,DYMO,Electronics,Ungated
https://www.amazon.com/dp/B0027J9KH6,DYMO,Office Products,Gated
https://www.amazon.com/dp/B07GTV2ZGZ,Eaton,Industrial & Scientific,Gated
https://www.amazon.com/dp/B009L0LEDW,Edmund Goulding,Movies & TV,Gated
https://www.amazon.com/dp/B097C5ZG1B,Electronics,Logitech,Ungated
https://www.amazon.com/dp/B07N6QKQMT,Electronics,Listen,Ungated
https://www.amazon.com/dp/B00NIYJF6U,Electronics,GoPro,Gated
https://www.amazon.com/dp/B0BVCWFSY1,Electronics,Alarm.com,Gated
https://www.amazon.com/dp/B07XB6VNLJ,Elgato,Video Games,Gated
https://www.amazon.com/dp/B09LVVW53Y,Emerson,Tools & Home Improvement,Gated
https://www.amazon.com/dp/B001IB2Z9Y,Erik Thompson,Movies & TV,Gated
https://www.amazon.com/dp/B01ASCLKR6,First Alert,Tools & Home Improvement,Gated
https://www.amazon.com/dp/B07Y91RKKQ,Fortnite,Toys & Games,Ungated
https://www.amazon.com/dp/B000JV3UYS,G.I. Joe,Toys & Games,Gated
https://www.amazon.com/dp/B000WLU5ZM,Gary Graham,Movies & TV,Gated
https://www.amazon.com/dp/B07DPTB1J4,Glacier Bay,Tools & Home Improvement,Gated
https://www.amazon.com/dp/B0BP7KRZJL,Hasbro,Sports & Outdoors,Ungated
https://www.amazon.com/dp/B0B3C5TF5Q,Hasbro,Toys & Games,Ungated
https://www.amazon.com/dp/B01BOV68O0,Hasbro Gaming,Toys & Games,Gated
https://www.amazon.com/dp/B0018ZDEUE,HES,Tools & Home Improvement,Gated
https://www.amazon.com/dp/B06WWGZXBF,HID,Office Products,Gated
https://www.amazon.com/dp/B0045W0I5Q,Honeywell,Electronics,Ungated
https://www.amazon.com/dp/B00096ZQYA,Honeywell,Industrial & Scientific,Ungated
https://www.amazon.com/dp/B001CMLAZ4,Honeywell,Tools & Home Improvement,Ungated
https://www.amazon.com/dp/B07N83WK9T,Honeywell Home,Tools & Home Improvement,Ungated
https://www.amazon.com/dp/B0018LAYAG,Hubbell,Industrial & Scientific,Ungated
https://www.amazon.com/dp/B000LDBR0S,Hubbell,Tools & Home Improvement,Ungated
https://www.amazon.com/dp/B00067WYJW,Hunter,"Patio, Lawn & Garden",Ungated
https://www.amazon.com/dp/B00EUR2WV4,Hunter,Tools & Home Improvement,Gated
https://www.amazon.com/dp/B007NLF3NI,Industrial & Scientific,HES,Gated
https://www.amazon.com/dp/B0DMBNTJ7D,Jazwares,Toys & Games,Ungated
https://www.amazon.com/dp/B0012IWRDC,John Reilly,Movies & TV,Gated
,Jurassic World,Toys & Games,Gated
https://www.amazon.com/dp/B08H4QR5QK,Kensington,Electronics,Gated
https://www.amazon.com/dp/B0D6BXJBFC,Kenwood,Electronics,Gated
https://www.amazon.com/dp/B07TLPBC7J,Kevin Conroy,Movies & TV,Gated
https://www.amazon.com/dp/B001DNP4S6,Kohler,Tools & Home Improvement,Ungated
https://www.amazon.com/dp/B00HRMEK32,Lcn,Tools & Home Improvement,Ungated
https://www.amazon.com/dp/B00PM92A6G,LCN,Tools & Home Improvement,Gated
https://www.amazon.com/dp/B00NHQHEYO,LEGO,Toys & Games,Ungated
https://www.amazon.com/dp/B003I86HG2,Leviton,Tools & Home Improvement,Gated
https://www.amazon.com/dp/B00B3BLI1K,Lexmark,Office Products,Ungated
https://www.amazon.com/dp/B00KCYD9PC,Lutron,Tools & Home Improvement,Gated
https://www.amazon.com/dp/B001C0G8TE,LUX,Tools & Home Improvement,Gated
https://www.amazon.com/dp/B07D7MCBHY,Luxul,Electronics,Gated
https://www.amazon.com/dp/B07Q7626JD,Marvel,Toys & Games,Ungated
https://www.amazon.com/dp/B000AXMLCC,Mattel,Toys & Games,Ungated
https://www.amazon.com/dp/B0CQ8SSCRJ,McFarlane Toys,Toys & Games,Ungated
https://www.amazon.com/dp/B086Q92563,Microsoft,Electronics,Ungated
https://www.amazon.com/dp/B00004TJUM,Milton Bradley,Toys & Games,Gated
https://www.amazon.com/dp/B07DD9BW2Z,Mitel,Office Products,Gated
,Moen,,
https://www.amazon.com/dp/B0087RV2KK,Monopoly,Toys & Games,Ungated
https://www.amazon.com/dp/B000HEWEJ4,Movies & TV,William Shatner,Gated
https://www.amazon.com/dp/B06XPX4D82,NECA,Toys & Games,Ungated
https://www.amazon.com/dp/B0007KVK8E,Office Products,Logitech,Ungated
https://www.amazon.com/dp/B003K1L61I,Office Products,OKI,Gated
https://www.amazon.com/dp/B00009960L,Panasonic,Office Products,Ungated
https://www.amazon.com/dp/B002B3YDDE,Pandigital,Office Products,Ungated
https://www.amazon.com/dp/B01N2P305R,Parker Brothers,Toys & Games,Ungated
https://www.amazon.com/dp/B01C6WRXUO,Plantronics,Office Products,Ungated
https://www.amazon.com/dp/B00LEOJAKM,PlayMonster,Toys & Games,Gated
https://www.amazon.com/dp/B09BBSWV89,POLY,Electronics,Ungated
https://www.amazon.com/dp/B07H16BSQ7,POLY,Office Products,Ungated
https://www.amazon.com/dp/B0007P2CAE,PoolGuard,"Patio, Lawn & Garden",Gated
https://www.amazon.com/dp/B09TS3TQVD,Power Rangers,Toys & Games,Ungated
,Pokemon,,Gated
https://www.amazon.com/dp/B000JHYBTU,Presto,Home & Kitchen,Gated
https://www.amazon.com/dp/B000YQNYG2,Radica,Toys & Games,Ungated
https://www.amazon.com/dp/B00A1Q0NU0,Radica Games,Toys & Games,Ungated
https://www.amazon.com/dp/B07JZQCGS1,Robin Williams,Movies & TV,Gated
https://www.amazon.com/dp/B0006A9IU2,Rodney Dangerfield,Movies & TV,Gated
https://www.amazon.com/dp/B000EU1H6M,SalsaCrazy.com,Movies & TV,Gated
https://www.amazon.com/dp/B01D9LVL3G,Samsung,Electronics,Gated
https://www.amazon.com/dp/B003CHMXUS,Securitron,Tools & Home Improvement,Gated
https://www.amazon.com/dp/B0098JSS9E,Sony,Electronics,Gated
https://www.amazon.com/dp/B07MMWZ19C,SPW,"Patio, Lawn & Garden",Ungated
https://www.amazon.com/dp/B0016MXWCE,STAR WARS,Toys & Games,Ungated
